-- MySQL dump 10.13  Distrib 8.0.31, for Win64 (x86_64)
--
-- Host: localhost    Database: autocart
-- ------------------------------------------------------
-- Server version	5.7.40-log

/*!40101 SET @OLD_CHARACTER_SET_CLIENT=@@CHARACTER_SET_CLIENT */;
/*!40101 SET @OLD_CHARACTER_SET_RESULTS=@@CHARACTER_SET_RESULTS */;
/*!40101 SET @OLD_COLLATION_CONNECTION=@@COLLATION_CONNECTION */;
/*!50503 SET NAMES utf8 */;
/*!40103 SET @OLD_TIME_ZONE=@@TIME_ZONE */;
/*!40103 SET TIME_ZONE='+00:00' */;
/*!40014 SET @OLD_UNIQUE_CHECKS=@@UNIQUE_CHECKS, UNIQUE_CHECKS=0 */;
/*!40014 SET @OLD_FOREIGN_KEY_CHECKS=@@FOREIGN_KEY_CHECKS, FOREIGN_KEY_CHECKS=0 */;
/*!40101 SET @OLD_SQL_MODE=@@SQL_MODE, SQL_MODE='NO_AUTO_VALUE_ON_ZERO' */;
/*!40111 SET @OLD_SQL_NOTES=@@SQL_NOTES, SQL_NOTES=0 */;

--
-- Table structure for table `auth_group`
--

DROP TABLE IF EXISTS `auth_group`;
/*!40101 SET @saved_cs_client     = @@character_set_client */;
/*!50503 SET character_set_client = utf8mb4 */;
CREATE TABLE `auth_group` (
  `id` int(11) NOT NULL AUTO_INCREMENT,
  `name` varchar(150) NOT NULL,
  PRIMARY KEY (`id`),
  UNIQUE KEY `name` (`name`)
) ENGINE=InnoDB DEFAULT CHARSET=latin1;
/*!40101 SET character_set_client = @saved_cs_client */;

--
-- Dumping data for table `auth_group`
--

LOCK TABLES `auth_group` WRITE;
/*!40000 ALTER TABLE `auth_group` DISABLE KEYS */;
/*!40000 ALTER TABLE `auth_group` ENABLE KEYS */;
UNLOCK TABLES;

--
-- Table structure for table `auth_group_permissions`
--

DROP TABLE IF EXISTS `auth_group_permissions`;
/*!40101 SET @saved_cs_client     = @@character_set_client */;
/*!50503 SET character_set_client = utf8mb4 */;
CREATE TABLE `auth_group_permissions` (
  `id` bigint(20) NOT NULL AUTO_INCREMENT,
  `group_id` int(11) NOT NULL,
  `permission_id` int(11) NOT NULL,
  PRIMARY KEY (`id`),
  UNIQUE KEY `auth_group_permissions_group_id_permission_id_0cd325b0_uniq` (`group_id`,`permission_id`),
  KEY `auth_group_permissio_permission_id_84c5c92e_fk_auth_perm` (`permission_id`),
  CONSTRAINT `auth_group_permissio_permission_id_84c5c92e_fk_auth_perm` FOREIGN KEY (`permission_id`) REFERENCES `auth_permission` (`id`),
  CONSTRAINT `auth_group_permissions_group_id_b120cbf9_fk_auth_group_id` FOREIGN KEY (`group_id`) REFERENCES `auth_group` (`id`)
) ENGINE=InnoDB DEFAULT CHARSET=latin1;
/*!40101 SET character_set_client = @saved_cs_client */;

--
-- Dumping data for table `auth_group_permissions`
--

LOCK TABLES `auth_group_permissions` WRITE;
/*!40000 ALTER TABLE `auth_group_permissions` DISABLE KEYS */;
/*!40000 ALTER TABLE `auth_group_permissions` ENABLE KEYS */;
UNLOCK TABLES;

--
-- Table structure for table `auth_permission`
--

DROP TABLE IF EXISTS `auth_permission`;
/*!40101 SET @saved_cs_client     = @@character_set_client */;
/*!50503 SET character_set_client = utf8mb4 */;
CREATE TABLE `auth_permission` (
  `id` int(11) NOT NULL AUTO_INCREMENT,
  `name` varchar(255) NOT NULL,
  `content_type_id` int(11) NOT NULL,
  `codename` varchar(100) NOT NULL,
  PRIMARY KEY (`id`),
  UNIQUE KEY `auth_permission_content_type_id_codename_01ab375a_uniq` (`content_type_id`,`codename`),
  CONSTRAINT `auth_permission_content_type_id_2f476e4b_fk_django_co` FOREIGN KEY (`content_type_id`) REFERENCES `django_content_type` (`id`)
) ENGINE=InnoDB AUTO_INCREMENT=65 DEFAULT CHARSET=latin1;
/*!40101 SET character_set_client = @saved_cs_client */;

--
-- Dumping data for table `auth_permission`
--

LOCK TABLES `auth_permission` WRITE;
/*!40000 ALTER TABLE `auth_permission` DISABLE KEYS */;
INSERT INTO `auth_permission` VALUES (1,'Can add log entry',1,'add_logentry'),(2,'Can change log entry',1,'change_logentry'),(3,'Can delete log entry',1,'delete_logentry'),(4,'Can view log entry',1,'view_logentry'),(5,'Can add permission',2,'add_permission'),(6,'Can change permission',2,'change_permission'),(7,'Can delete permission',2,'delete_permission'),(8,'Can view permission',2,'view_permission'),(9,'Can add group',3,'add_group'),(10,'Can change group',3,'change_group'),(11,'Can delete group',3,'delete_group'),(12,'Can view group',3,'view_group'),(13,'Can add user',4,'add_user'),(14,'Can change user',4,'change_user'),(15,'Can delete user',4,'delete_user'),(16,'Can view user',4,'view_user'),(17,'Can add content type',5,'add_contenttype'),(18,'Can change content type',5,'change_contenttype'),(19,'Can delete content type',5,'delete_contenttype'),(20,'Can view content type',5,'view_contenttype'),(21,'Can add session',6,'add_session'),(22,'Can change session',6,'change_session'),(23,'Can delete session',6,'delete_session'),(24,'Can view session',6,'view_session'),(25,'Can add cart',7,'add_cart'),(26,'Can change cart',7,'change_cart'),(27,'Can delete cart',7,'delete_cart'),(28,'Can view cart',7,'view_cart'),(29,'Can add category',8,'add_category'),(30,'Can change category',8,'change_category'),(31,'Can delete category',8,'delete_category'),(32,'Can view category',8,'view_category'),(33,'Can add checkout',9,'add_checkout'),(34,'Can change checkout',9,'change_checkout'),(35,'Can delete checkout',9,'delete_checkout'),(36,'Can view checkout',9,'view_checkout'),(37,'Can add complaint',10,'add_complaint'),(38,'Can change complaint',10,'change_complaint'),(39,'Can delete complaint',10,'delete_complaint'),(40,'Can view complaint',10,'view_complaint'),(41,'Can add customer',11,'add_customer'),(42,'Can change customer',11,'change_customer'),(43,'Can delete customer',11,'delete_customer'),(44,'Can view customer',11,'view_customer'),(45,'Can add feedback',12,'add_feedback'),(46,'Can change feedback',12,'change_feedback'),(47,'Can delete feedback',12,'delete_feedback'),(48,'Can view feedback',12,'view_feedback'),(49,'Can add login',13,'add_login'),(50,'Can change login',13,'change_login'),(51,'Can delete login',13,'delete_login'),(52,'Can view login',13,'view_login'),(53,'Can add payment',14,'add_payment'),(54,'Can change payment',14,'change_payment'),(55,'Can delete payment',14,'delete_payment'),(56,'Can view payment',14,'view_payment'),(57,'Can add product',15,'add_product'),(58,'Can change product',15,'change_product'),(59,'Can delete product',15,'delete_product'),(60,'Can view product',15,'view_product'),(61,'Can add staff register',16,'add_staffregister'),(62,'Can change staff register',16,'change_staffregister'),(63,'Can delete staff register',16,'delete_staffregister'),(64,'Can view staff register',16,'view_staffregister');
/*!40000 ALTER TABLE `auth_permission` ENABLE KEYS */;
UNLOCK TABLES;

--
-- Table structure for table `auth_user`
--

DROP TABLE IF EXISTS `auth_user`;
/*!40101 SET @saved_cs_client     = @@character_set_client */;
/*!50503 SET character_set_client = utf8mb4 */;
CREATE TABLE `auth_user` (
  `id` int(11) NOT NULL AUTO_INCREMENT,
  `password` varchar(128) NOT NULL,
  `last_login` datetime(6) DEFAULT NULL,
  `is_superuser` tinyint(1) NOT NULL,
  `username` varchar(150) NOT NULL,
  `first_name` varchar(150) NOT NULL,
  `last_name` varchar(150) NOT NULL,
  `email` varchar(254) NOT NULL,
  `is_staff` tinyint(1) NOT NULL,
  `is_active` tinyint(1) NOT NULL,
  `date_joined` datetime(6) NOT NULL,
  PRIMARY KEY (`id`),
  UNIQUE KEY `username` (`username`)
) ENGINE=InnoDB DEFAULT CHARSET=latin1;
/*!40101 SET character_set_client = @saved_cs_client */;

--
-- Dumping data for table `auth_user`
--

LOCK TABLES `auth_user` WRITE;
/*!40000 ALTER TABLE `auth_user` DISABLE KEYS */;
/*!40000 ALTER TABLE `auth_user` ENABLE KEYS */;
UNLOCK TABLES;

--
-- Table structure for table `auth_user_groups`
--

DROP TABLE IF EXISTS `auth_user_groups`;
/*!40101 SET @saved_cs_client     = @@character_set_client */;
/*!50503 SET character_set_client = utf8mb4 */;
CREATE TABLE `auth_user_groups` (
  `id` bigint(20) NOT NULL AUTO_INCREMENT,
  `user_id` int(11) NOT NULL,
  `group_id` int(11) NOT NULL,
  PRIMARY KEY (`id`),
  UNIQUE KEY `auth_user_groups_user_id_group_id_94350c0c_uniq` (`user_id`,`group_id`),
  KEY `auth_user_groups_group_id_97559544_fk_auth_group_id` (`group_id`),
  CONSTRAINT `auth_user_groups_group_id_97559544_fk_auth_group_id` FOREIGN KEY (`group_id`) REFERENCES `auth_group` (`id`),
  CONSTRAINT `auth_user_groups_user_id_6a12ed8b_fk_auth_user_id` FOREIGN KEY (`user_id`) REFERENCES `auth_user` (`id`)
) ENGINE=InnoDB DEFAULT CHARSET=latin1;
/*!40101 SET character_set_client = @saved_cs_client */;

--
-- Dumping data for table `auth_user_groups`
--

LOCK TABLES `auth_user_groups` WRITE;
/*!40000 ALTER TABLE `auth_user_groups` DISABLE KEYS */;
/*!40000 ALTER TABLE `auth_user_groups` ENABLE KEYS */;
UNLOCK TABLES;

--
-- Table structure for table `auth_user_user_permissions`
--

DROP TABLE IF EXISTS `auth_user_user_permissions`;
/*!40101 SET @saved_cs_client     = @@character_set_client */;
/*!50503 SET character_set_client = utf8mb4 */;
CREATE TABLE `auth_user_user_permissions` (
  `id` bigint(20) NOT NULL AUTO_INCREMENT,
  `user_id` int(11) NOT NULL,
  `permission_id` int(11) NOT NULL,
  PRIMARY KEY (`id`),
  UNIQUE KEY `auth_user_user_permissions_user_id_permission_id_14a6b632_uniq` (`user_id`,`permission_id`),
  KEY `auth_user_user_permi_permission_id_1fbb5f2c_fk_auth_perm` (`permission_id`),
  CONSTRAINT `auth_user_user_permi_permission_id_1fbb5f2c_fk_auth_perm` FOREIGN KEY (`permission_id`) REFERENCES `auth_permission` (`id`),
  CONSTRAINT `auth_user_user_permissions_user_id_a95ead1b_fk_auth_user_id` FOREIGN KEY (`user_id`) REFERENCES `auth_user` (`id`)
) ENGINE=InnoDB DEFAULT CHARSET=latin1;
/*!40101 SET character_set_client = @saved_cs_client */;

--
-- Dumping data for table `auth_user_user_permissions`
--

LOCK TABLES `auth_user_user_permissions` WRITE;
/*!40000 ALTER TABLE `auth_user_user_permissions` DISABLE KEYS */;
/*!40000 ALTER TABLE `auth_user_user_permissions` ENABLE KEYS */;
UNLOCK TABLES;

--
-- Table structure for table `bill`
--

DROP TABLE IF EXISTS `bill`;
/*!40101 SET @saved_cs_client     = @@character_set_client */;
/*!50503 SET character_set_client = utf8mb4 */;
CREATE TABLE `bill` (
  `bill_id` int(11) NOT NULL,
  `bill_amount` varchar(45) NOT NULL,
  `date` date NOT NULL,
  `time` time NOT NULL,
  `status` varchar(45) NOT NULL,
  `customer_id` int(11) NOT NULL,
  PRIMARY KEY (`bill_id`)
) ENGINE=InnoDB DEFAULT CHARSET=latin1;
/*!40101 SET character_set_client = @saved_cs_client */;

--
-- Dumping data for table `bill`
--

LOCK TABLES `bill` WRITE;
/*!40000 ALTER TABLE `bill` DISABLE KEYS */;
/*!40000 ALTER TABLE `bill` ENABLE KEYS */;
UNLOCK TABLES;

--
-- Table structure for table `cart`
--

DROP TABLE IF EXISTS `cart`;
/*!40101 SET @saved_cs_client     = @@character_set_client */;
/*!50503 SET character_set_client = utf8mb4 */;
CREATE TABLE `cart` (
  `cart_id` int(11) NOT NULL AUTO_INCREMENT,
  `product_id` int(11) NOT NULL,
  `date` date NOT NULL,
  `time` time NOT NULL,
  `quantity` int(11) NOT NULL,
  PRIMARY KEY (`cart_id`)
) ENGINE=InnoDB AUTO_INCREMENT=12 DEFAULT CHARSET=latin1;
/*!40101 SET character_set_client = @saved_cs_client */;

--
-- Dumping data for table `cart`
--

LOCK TABLES `cart` WRITE;
/*!40000 ALTER TABLE `cart` DISABLE KEYS */;
/*!40000 ALTER TABLE `cart` ENABLE KEYS */;
UNLOCK TABLES;

--
-- Table structure for table `category`
--

DROP TABLE IF EXISTS `category`;
/*!40101 SET @saved_cs_client     = @@character_set_client */;
/*!50503 SET character_set_client = utf8mb4 */;
CREATE TABLE `category` (
  `category_id` int(11) NOT NULL AUTO_INCREMENT,
  `category` varchar(45) NOT NULL,
  PRIMARY KEY (`category_id`)
) ENGINE=InnoDB AUTO_INCREMENT=5 DEFAULT CHARSET=latin1;
/*!40101 SET character_set_client = @saved_cs_client */;

--
-- Dumping data for table `category`
--

LOCK TABLES `category` WRITE;
/*!40000 ALTER TABLE `category` DISABLE KEYS */;
INSERT INTO `category` VALUES (1,'stationarry'),(2,'fruits'),(3,'dairy'),(4,'vegitables');
/*!40000 ALTER TABLE `category` ENABLE KEYS */;
UNLOCK TABLES;

--
-- Table structure for table `checkout`
--

DROP TABLE IF EXISTS `checkout`;
/*!40101 SET @saved_cs_client     = @@character_set_client */;
/*!50503 SET character_set_client = utf8mb4 */;
CREATE TABLE `checkout` (
  `checkout_id` int(11) NOT NULL AUTO_INCREMENT,
  `cart_id` int(11) NOT NULL,
  `product_id` int(11) NOT NULL,
  `customer_id` int(11) NOT NULL,
  PRIMARY KEY (`checkout_id`)
) ENGINE=InnoDB DEFAULT CHARSET=latin1;
/*!40101 SET character_set_client = @saved_cs_client */;

--
-- Dumping data for table `checkout`
--

LOCK TABLES `checkout` WRITE;
/*!40000 ALTER TABLE `checkout` DISABLE KEYS */;
/*!40000 ALTER TABLE `checkout` ENABLE KEYS */;
UNLOCK TABLES;

--
-- Table structure for table `complaint`
--

DROP TABLE IF EXISTS `complaint`;
/*!40101 SET @saved_cs_client     = @@character_set_client */;
/*!50503 SET character_set_client = utf8mb4 */;
CREATE TABLE `complaint` (
  `complaint_id` int(11) NOT NULL AUTO_INCREMENT,
  `complaint` varchar(45) NOT NULL,
  `replay` varchar(45) NOT NULL,
  `customer_id` int(11) NOT NULL,
  `date` date NOT NULL,
  `time` time NOT NULL,
  PRIMARY KEY (`complaint_id`)
) ENGINE=InnoDB AUTO_INCREMENT=4 DEFAULT CHARSET=latin1;
/*!40101 SET character_set_client = @saved_cs_client */;

--
-- Dumping data for table `complaint`
--

LOCK TABLES `complaint` WRITE;
/*!40000 ALTER TABLE `complaint` DISABLE KEYS */;
INSERT INTO `complaint` VALUES (1,'no complaint\r\n','your complaint has registered',1,'2024-04-22','14:12:48'),(2,'no complaint\r\n','pending',1,'2024-04-24','10:20:53'),(3,'complaint new\r\n','hjdjdjd',1,'2024-05-16','15:56:17');
/*!40000 ALTER TABLE `complaint` ENABLE KEYS */;
UNLOCK TABLES;

--
-- Table structure for table `customer`
--

DROP TABLE IF EXISTS `customer`;
/*!40101 SET @saved_cs_client     = @@character_set_client */;
/*!50503 SET character_set_client = utf8mb4 */;
CREATE TABLE `customer` (
  `customer_id` int(11) NOT NULL AUTO_INCREMENT,
  `customer_name` varchar(45) NOT NULL,
  ` customer_phonenumber` varchar(45) NOT NULL,
  `customer_dateofbirth` date DEFAULT NULL,
  `customer_gender` varchar(45) NOT NULL,
  `customer_username` varchar(45) NOT NULL,
  `customer_password` varchar(45) NOT NULL,
  `customer_address` varchar(45) NOT NULL,
  `customer_city` varchar(45) NOT NULL,
  PRIMARY KEY (`customer_id`)
) ENGINE=InnoDB AUTO_INCREMENT=2 DEFAULT CHARSET=latin1;
/*!40101 SET character_set_client = @saved_cs_client */;

--
-- Dumping data for table `customer`
--

LOCK TABLES `customer` WRITE;
/*!40000 ALTER TABLE `customer` DISABLE KEYS */;
INSERT INTO `customer` VALUES (1,'user','4569857455','2024-05-16','Male','user','user','user','user city');
/*!40000 ALTER TABLE `customer` ENABLE KEYS */;
UNLOCK TABLES;

--
-- Table structure for table `django_admin_log`
--

DROP TABLE IF EXISTS `django_admin_log`;
/*!40101 SET @saved_cs_client     = @@character_set_client */;
/*!50503 SET character_set_client = utf8mb4 */;
CREATE TABLE `django_admin_log` (
  `id` int(11) NOT NULL AUTO_INCREMENT,
  `action_time` datetime(6) NOT NULL,
  `object_id` longtext,
  `object_repr` varchar(200) NOT NULL,
  `action_flag` smallint(5) unsigned NOT NULL,
  `change_message` longtext NOT NULL,
  `content_type_id` int(11) DEFAULT NULL,
  `user_id` int(11) NOT NULL,
  PRIMARY KEY (`id`),
  KEY `django_admin_log_content_type_id_c4bce8eb_fk_django_co` (`content_type_id`),
  KEY `django_admin_log_user_id_c564eba6_fk_auth_user_id` (`user_id`),
  CONSTRAINT `django_admin_log_content_type_id_c4bce8eb_fk_django_co` FOREIGN KEY (`content_type_id`) REFERENCES `django_content_type` (`id`),
  CONSTRAINT `django_admin_log_user_id_c564eba6_fk_auth_user_id` FOREIGN KEY (`user_id`) REFERENCES `auth_user` (`id`)
) ENGINE=InnoDB DEFAULT CHARSET=latin1;
/*!40101 SET character_set_client = @saved_cs_client */;

--
-- Dumping data for table `django_admin_log`
--

LOCK TABLES `django_admin_log` WRITE;
/*!40000 ALTER TABLE `django_admin_log` DISABLE KEYS */;
/*!40000 ALTER TABLE `django_admin_log` ENABLE KEYS */;
UNLOCK TABLES;

--
-- Table structure for table `django_content_type`
--

DROP TABLE IF EXISTS `django_content_type`;
/*!40101 SET @saved_cs_client     = @@character_set_client */;
/*!50503 SET character_set_client = utf8mb4 */;
CREATE TABLE `django_content_type` (
  `id` int(11) NOT NULL AUTO_INCREMENT,
  `app_label` varchar(100) NOT NULL,
  `model` varchar(100) NOT NULL,
  PRIMARY KEY (`id`),
  UNIQUE KEY `django_content_type_app_label_model_76bd3d3b_uniq` (`app_label`,`model`)
) ENGINE=InnoDB AUTO_INCREMENT=17 DEFAULT CHARSET=latin1;
/*!40101 SET character_set_client = @saved_cs_client */;

--
-- Dumping data for table `django_content_type`
--

LOCK TABLES `django_content_type` WRITE;
/*!40000 ALTER TABLE `django_content_type` DISABLE KEYS */;
INSERT INTO `django_content_type` VALUES (1,'admin','logentry'),(3,'auth','group'),(2,'auth','permission'),(4,'auth','user'),(7,'cart','cart'),(8,'category','category'),(9,'checkout','checkout'),(10,'complaint','complaint'),(5,'contenttypes','contenttype'),(11,'customer','customer'),(12,'feedback','feedback'),(13,'login','login'),(14,'payment','payment'),(15,'product','product'),(6,'sessions','session'),(16,'staff_register','staffregister');
/*!40000 ALTER TABLE `django_content_type` ENABLE KEYS */;
UNLOCK TABLES;

--
-- Table structure for table `django_migrations`
--

DROP TABLE IF EXISTS `django_migrations`;
/*!40101 SET @saved_cs_client     = @@character_set_client */;
/*!50503 SET character_set_client = utf8mb4 */;
CREATE TABLE `django_migrations` (
  `id` bigint(20) NOT NULL AUTO_INCREMENT,
  `app` varchar(255) NOT NULL,
  `name` varchar(255) NOT NULL,
  `applied` datetime(6) NOT NULL,
  PRIMARY KEY (`id`)
) ENGINE=InnoDB AUTO_INCREMENT=29 DEFAULT CHARSET=latin1;
/*!40101 SET character_set_client = @saved_cs_client */;

--
-- Dumping data for table `django_migrations`
--

LOCK TABLES `django_migrations` WRITE;
/*!40000 ALTER TABLE `django_migrations` DISABLE KEYS */;
INSERT INTO `django_migrations` VALUES (1,'contenttypes','0001_initial','2024-05-18 06:16:20.174794'),(2,'auth','0001_initial','2024-05-18 06:16:21.080325'),(3,'admin','0001_initial','2024-05-18 06:16:21.244287'),(4,'admin','0002_logentry_remove_auto_add','2024-05-18 06:16:21.257902'),(5,'admin','0003_logentry_add_action_flag_choices','2024-05-18 06:16:21.270918'),(6,'contenttypes','0002_remove_content_type_name','2024-05-18 06:16:21.414461'),(7,'auth','0002_alter_permission_name_max_length','2024-05-18 06:16:21.459165'),(8,'auth','0003_alter_user_email_max_length','2024-05-18 06:16:21.495819'),(9,'auth','0004_alter_user_username_opts','2024-05-18 06:16:21.520247'),(10,'auth','0005_alter_user_last_login_null','2024-05-18 06:16:21.600405'),(11,'auth','0006_require_contenttypes_0002','2024-05-18 06:16:21.619138'),(12,'auth','0007_alter_validators_add_error_messages','2024-05-18 06:16:21.645573'),(13,'auth','0008_alter_user_username_max_length','2024-05-18 06:16:21.680588'),(14,'auth','0009_alter_user_last_name_max_length','2024-05-18 06:16:21.717848'),(15,'auth','0010_alter_group_name_max_length','2024-05-18 06:16:21.752050'),(16,'auth','0011_update_proxy_permissions','2024-05-18 06:16:21.775754'),(17,'auth','0012_alter_user_first_name_max_length','2024-05-18 06:16:21.810266'),(18,'cart','0001_initial','2024-05-18 06:16:21.823860'),(19,'category','0001_initial','2024-05-18 06:16:21.836462'),(20,'checkout','0001_initial','2024-05-18 06:16:21.848866'),(21,'complaint','0001_initial','2024-05-18 06:16:21.862985'),(22,'customer','0001_initial','2024-05-18 06:16:21.876044'),(23,'feedback','0001_initial','2024-05-18 06:16:21.888635'),(24,'login','0001_initial','2024-05-18 06:16:21.900227'),(25,'payment','0001_initial','2024-05-18 06:16:21.912624'),(26,'product','0001_initial','2024-05-18 06:16:21.925924'),(27,'sessions','0001_initial','2024-05-18 06:16:21.989687'),(28,'staff_register','0001_initial','2024-05-18 06:16:21.998331');
/*!40000 ALTER TABLE `django_migrations` ENABLE KEYS */;
UNLOCK TABLES;

--
-- Table structure for table `django_session`
--

DROP TABLE IF EXISTS `django_session`;
/*!40101 SET @saved_cs_client     = @@character_set_client */;
/*!50503 SET character_set_client = utf8mb4 */;
CREATE TABLE `django_session` (
  `session_key` varchar(40) NOT NULL,
  `session_data` longtext NOT NULL,
  `expire_date` datetime(6) NOT NULL,
  PRIMARY KEY (`session_key`),
  KEY `django_session_expire_date_a5c62663` (`expire_date`)
) ENGINE=InnoDB DEFAULT CHARSET=latin1;
/*!40101 SET character_set_client = @saved_cs_client */;

--
-- Dumping data for table `django_session`
--

LOCK TABLES `django_session` WRITE;
/*!40000 ALTER TABLE `django_session` DISABLE KEYS */;
INSERT INTO `django_session` VALUES ('a5dkjyj76sjgox1qiwqijoyhxhpgegpx','eyJ1X2lkIjoxfQ:1sKviV:yg2BbPdsAzDe0jAfO-o77Atim2FjlCpHd9SWl8-EDD4','2024-07-06 08:03:23.934202');
/*!40000 ALTER TABLE `django_session` ENABLE KEYS */;
UNLOCK TABLES;

--
-- Table structure for table `feedback`
--

DROP TABLE IF EXISTS `feedback`;
/*!40101 SET @saved_cs_client     = @@character_set_client */;
/*!50503 SET character_set_client = utf8mb4 */;
CREATE TABLE `feedback` (
  `feedback_id` int(11) NOT NULL AUTO_INCREMENT,
  `feedback` varchar(45) NOT NULL,
  `customer_id` int(11) NOT NULL,
  `date` date NOT NULL,
  `time` time NOT NULL,
  PRIMARY KEY (`feedback_id`)
) ENGINE=InnoDB AUTO_INCREMENT=2 DEFAULT CHARSET=latin1;
/*!40101 SET character_set_client = @saved_cs_client */;

--
-- Dumping data for table `feedback`
--

LOCK TABLES `feedback` WRITE;
/*!40000 ALTER TABLE `feedback` DISABLE KEYS */;
INSERT INTO `feedback` VALUES (1,'khgff',1,'2024-04-22','14:35:11');
/*!40000 ALTER TABLE `feedback` ENABLE KEYS */;
UNLOCK TABLES;

--
-- Table structure for table `login`
--

DROP TABLE IF EXISTS `login`;
/*!40101 SET @saved_cs_client     = @@character_set_client */;
/*!50503 SET character_set_client = utf8mb4 */;
CREATE TABLE `login` (
  `login_id` int(11) NOT NULL AUTO_INCREMENT,
  `username` varchar(45) NOT NULL,
  `password` varchar(45) NOT NULL,
  `type` varchar(45) NOT NULL,
  `uid` int(11) NOT NULL,
  PRIMARY KEY (`login_id`)
) ENGINE=InnoDB AUTO_INCREMENT=4 DEFAULT CHARSET=latin1;
/*!40101 SET character_set_client = @saved_cs_client */;

--
-- Dumping data for table `login`
--

LOCK TABLES `login` WRITE;
/*!40000 ALTER TABLE `login` DISABLE KEYS */;
INSERT INTO `login` VALUES (1,'admin','admin','admin',1),(2,'staff','staff','staff',1),(3,'user','user','customer',1);
/*!40000 ALTER TABLE `login` ENABLE KEYS */;
UNLOCK TABLES;

--
-- Table structure for table `payment`
--

DROP TABLE IF EXISTS `payment`;
/*!40101 SET @saved_cs_client     = @@character_set_client */;
/*!50503 SET character_set_client = utf8mb4 */;
CREATE TABLE `payment` (
  `payment_id` int(11) NOT NULL AUTO_INCREMENT,
  `customer_id` int(11) NOT NULL,
  `bill_id` int(11) NOT NULL,
  `type` varchar(45) NOT NULL,
  `amount` varchar(45) NOT NULL,
  `cart_number` varchar(45) NOT NULL,
  `cvv` int(11) NOT NULL,
  `status` varchar(45) NOT NULL,
  PRIMARY KEY (`payment_id`)
) ENGINE=InnoDB AUTO_INCREMENT=3 DEFAULT CHARSET=latin1;
/*!40101 SET character_set_client = @saved_cs_client */;

--
-- Dumping data for table `payment`
--

LOCK TABLES `payment` WRITE;
/*!40000 ALTER TABLE `payment` DISABLE KEYS */;
INSERT INTO `payment` VALUES (1,1,1,'upi','7890','7899hi8',8899,'paid'),(2,1,1,'upi','7890','7899hi8',7899,'paid');
/*!40000 ALTER TABLE `payment` ENABLE KEYS */;
UNLOCK TABLES;

--
-- Table structure for table `product`
--

DROP TABLE IF EXISTS `product`;
/*!40101 SET @saved_cs_client     = @@character_set_client */;
/*!50503 SET character_set_client = utf8mb4 */;
CREATE TABLE `product` (
  `product_id` int(11) NOT NULL AUTO_INCREMENT,
  `category_id` int(11) NOT NULL,
  `product_name` varchar(45) NOT NULL,
  `product_photo` varchar(500) NOT NULL,
  `product_price` float NOT NULL,
  `product_quantity` varchar(45) NOT NULL,
  `manufacturer_date` varchar(45) NOT NULL,
  `product_experity` varchar(45) NOT NULL,
  `additional_description` varchar(45) NOT NULL,
  PRIMARY KEY (`product_id`)
) ENGINE=InnoDB AUTO_INCREMENT=12 DEFAULT CHARSET=latin1;
/*!40101 SET character_set_client = @saved_cs_client */;

--
-- Dumping data for table `product`
--

LOCK TABLES `product` WRITE;
/*!40000 ALTER TABLE `product` DISABLE KEYS */;
INSERT INTO `product` VALUES (5,4,'carrot','carrot.jpg',45,'1','2024-05-23','2024-05-23','no description needed'),(6,4,'onion','onion.png',20,'1','2024-05-02','2024-05-29','add'),(7,2,'mango','mango.jpg',100,'1','2024-05-29','2024-05-29','yellow'),(8,3,'milk','milk.jpeg',28,'1','2024-05-15','2024-05-19','milk'),(9,4,'CABBAGE','cab.jpg',55,'1kg','2024-05-22','2024-05-29','green'),(10,1,'ghee','ghee.jpeg',350,'500g','2024-06-04','2024-06-27','no additional des'),(11,2,'tomato','WIN_20240619_17_11_06_Pro.jpg',55,'1kg','2024-07-02','2024-07-05','red');
/*!40000 ALTER TABLE `product` ENABLE KEYS */;
UNLOCK TABLES;

--
-- Table structure for table `staff_register`
--

DROP TABLE IF EXISTS `staff_register`;
/*!40101 SET @saved_cs_client     = @@character_set_client */;
/*!50503 SET character_set_client = utf8mb4 */;
CREATE TABLE `staff_register` (
  `staff_id` int(11) NOT NULL AUTO_INCREMENT,
  `staff_name` varchar(45) NOT NULL,
  `staff_address` varchar(45) NOT NULL,
  `city` varchar(45) NOT NULL,
  `staff_phonenumber` varchar(45) NOT NULL,
  `staff_dateofbirth` varchar(45) NOT NULL,
  `staff_gender` varchar(45) NOT NULL,
  `staff_email` varchar(45) NOT NULL,
  `user_name` varchar(45) NOT NULL,
  `password` varchar(45) NOT NULL,
  PRIMARY KEY (`staff_id`)
) ENGINE=InnoDB AUTO_INCREMENT=2 DEFAULT CHARSET=latin1;
/*!40101 SET character_set_client = @saved_cs_client */;

--
-- Dumping data for table `staff_register`
--

LOCK TABLES `staff_register` WRITE;
/*!40000 ALTER TABLE `staff_register` DISABLE KEYS */;
INSERT INTO `staff_register` VALUES (1,'staff','staff villa','staff city','4444444444','2024-05-29','Male','staff@gmail.com','staff','staff');
/*!40000 ALTER TABLE `staff_register` ENABLE KEYS */;
UNLOCK TABLES;

--
-- Table structure for table `veg`
--

DROP TABLE IF EXISTS `veg`;
/*!40101 SET @saved_cs_client     = @@character_set_client */;
/*!50503 SET character_set_client = utf8mb4 */;
CREATE TABLE `veg` (
  `id` int(11) NOT NULL AUTO_INCREMENT,
  `vegi` varchar(45) DEFAULT NULL,
  PRIMARY KEY (`id`)
) ENGINE=InnoDB AUTO_INCREMENT=2 DEFAULT CHARSET=latin1;
/*!40101 SET character_set_client = @saved_cs_client */;

--
-- Dumping data for table `veg`
--

LOCK TABLES `veg` WRITE;
/*!40000 ALTER TABLE `veg` DISABLE KEYS */;
INSERT INTO `veg` VALUES (1,'not');
/*!40000 ALTER TABLE `veg` ENABLE KEYS */;
UNLOCK TABLES;
/*!40103 SET TIME_ZONE=@OLD_TIME_ZONE */;

/*!40101 SET SQL_MODE=@OLD_SQL_MODE */;
/*!40014 SET FOREIGN_KEY_CHECKS=@OLD_FOREIGN_KEY_CHECKS */;
/*!40014 SET UNIQUE_CHECKS=@OLD_UNIQUE_CHECKS */;
/*!40101 SET CHARACTER_SET_CLIENT=@OLD_CHARACTER_SET_CLIENT */;
/*!40101 SET CHARACTER_SET_RESULTS=@OLD_CHARACTER_SET_RESULTS */;
/*!40101 SET COLLATION_CONNECTION=@OLD_COLLATION_CONNECTION */;
/*!40111 SET SQL_NOTES=@OLD_SQL_NOTES */;

-- Dump completed on 2024-06-22 15:14:14
